author,post_count,avg_score,first_post_dt,last_post_dt
[deleted],5,12.2,2025-08-04T00:34:45+00:00,2025-08-10T22:15:49+00:00
Super_Spirit1550,4,168.25,2025-08-06T04:19:51+00:00,2025-08-09T02:55:10+00:00
Imstillonholdwtf,3,4.67,2025-08-05T03:30:50+00:00,2025-08-09T06:09:26+00:00
FigOk1473,2,0.5,2025-08-10T16:58:25+00:00,2025-08-10T17:06:30+00:00
Super-Jury8571,2,2.0,2025-08-02T18:44:48+00:00,2025-08-10T02:11:04+00:00
kittys_cult,2,2.0,2025-08-07T17:22:40+00:00,2025-08-10T01:46:41+00:00
Uniicornsarerealyo,2,3.0,2025-08-07T02:01:34+00:00,2025-08-10T00:16:09+00:00
Correct_Solution_335,2,15.5,2025-08-04T21:34:20+00:00,2025-08-09T19:42:30+00:00
froobsrule1,2,0.5,2025-08-03T02:13:17+00:00,2025-08-09T17:07:42+00:00
cherieespresso,2,13.0,2025-08-08T15:53:34+00:00,2025-08-08T15:54:58+00:00
0bsolescencee,2,3248.0,2025-08-07T13:24:19+00:00,2025-08-07T20:28:58+00:00
katokk,2,0.5,2025-08-03T16:21:26+00:00,2025-08-07T17:41:38+00:00
EveningTitle4686,2,1.5,2025-08-06T00:11:44+00:00,2025-08-06T22:16:11+00:00
OkAngle2353,2,2.0,2025-08-03T05:21:08+00:00,2025-08-04T00:30:06+00:00
thesalesaddict,2,54.5,2025-08-02T04:24:45+00:00,2025-08-03T14:33:26+00:00
OkPersonality1137,1,2.0,2025-08-10T23:57:58+00:00,2025-08-10T23:57:58+00:00
JupitersHot,1,2780.0,2025-08-10T23:29:11+00:00,2025-08-10T23:29:11+00:00
Remarkable_Aspect215,1,84.0,2025-08-10T23:24:59+00:00,2025-08-10T23:24:59+00:00
magicTrick2000,1,2.0,2025-08-10T23:11:48+00:00,2025-08-10T23:11:48+00:00
Crystallover1991,1,0.0,2025-08-10T23:10:01+00:00,2025-08-10T23:10:01+00:00
Dabbs88,1,8.0,2025-08-10T23:07:28+00:00,2025-08-10T23:07:28+00:00
Trophy-Himbo,1,1.0,2025-08-10T22:40:13+00:00,2025-08-10T22:40:13+00:00
Toasty_tea,1,4.0,2025-08-10T22:34:47+00:00,2025-08-10T22:34:47+00:00
FuzzyAd4059,1,2.0,2025-08-10T22:08:35+00:00,2025-08-10T22:08:35+00:00
Elegant_Statement_94,1,0.0,2025-08-10T21:43:40+00:00,2025-08-10T21:43:40+00:00
wannagohome1968,1,1.0,2025-08-10T21:11:28+00:00,2025-08-10T21:11:28+00:00
Cautious_Pair465,1,42.0,2025-08-10T20:48:13+00:00,2025-08-10T20:48:13+00:00
ExtremeStruggle742,1,6.0,2025-08-10T20:46:24+00:00,2025-08-10T20:46:24+00:00
keepthemusicgoing,1,1334.0,2025-08-10T20:26:31+00:00,2025-08-10T20:26:31+00:00
gmoney160,1,1.0,2025-08-10T20:06:02+00:00,2025-08-10T20:06:02+00:00
Business_Let6797,1,1.0,2025-08-10T20:00:54+00:00,2025-08-10T20:00:54+00:00
That-Teaching-2249,1,1.0,2025-08-10T19:53:38+00:00,2025-08-10T19:53:38+00:00
RedHammock,1,1.0,2025-08-10T19:47:12+00:00,2025-08-10T19:47:12+00:00
ScarcityTop7399,1,6.0,2025-08-10T19:34:11+00:00,2025-08-10T19:34:11+00:00
Cold_Lifeguard_3112,1,117.0,2025-08-10T18:34:00+00:00,2025-08-10T18:34:00+00:00
Armyofducks94,1,5.0,2025-08-10T18:26:41+00:00,2025-08-10T18:26:41+00:00
South_Truck_1211,1,9.0,2025-08-10T18:09:25+00:00,2025-08-10T18:09:25+00:00
strykerbets,1,26.0,2025-08-10T18:08:33+00:00,2025-08-10T18:08:33+00:00
ZepboundBard,1,679.0,2025-08-10T17:44:30+00:00,2025-08-10T17:44:30+00:00
Chops4dayz,1,1.0,2025-08-10T17:19:36+00:00,2025-08-10T17:19:36+00:00
yayayuhmaia,1,836.0,2025-08-10T16:03:34+00:00,2025-08-10T16:03:34+00:00
Purple-Bats,1,4.0,2025-08-10T15:53:50+00:00,2025-08-10T15:53:50+00:00
KindaTiredOfButter,1,111.0,2025-08-10T14:31:20+00:00,2025-08-10T14:31:20+00:00
Remarkable-Box-5452,1,0.0,2025-08-10T13:38:28+00:00,2025-08-10T13:38:28+00:00
Maleficent-Garden585,1,41.0,2025-08-10T13:24:17+00:00,2025-08-10T13:24:17+00:00
voiisu,1,2.0,2025-08-10T11:40:08+00:00,2025-08-10T11:40:08+00:00
Pauliyadl12,1,1.0,2025-08-10T11:32:25+00:00,2025-08-10T11:32:25+00:00
rete_awded,1,10.0,2025-08-10T11:11:43+00:00,2025-08-10T11:11:43+00:00
pistolfeber,1,1.0,2025-08-10T07:06:05+00:00,2025-08-10T07:06:05+00:00
nmfatale,1,3.0,2025-08-10T06:14:56+00:00,2025-08-10T06:14:56+00:00
Ok-Layer-4439,1,6.0,2025-08-10T05:54:41+00:00,2025-08-10T05:54:41+00:00
tae_x_suga,1,74.0,2025-08-10T05:15:02+00:00,2025-08-10T05:15:02+00:00
lotusflowerbom,1,1.0,2025-08-10T04:54:17+00:00,2025-08-10T04:54:17+00:00
RecklessKibbles,1,1.0,2025-08-10T04:48:52+00:00,2025-08-10T04:48:52+00:00
Previous_Willow_7791,1,3.0,2025-08-10T04:27:50+00:00,2025-08-10T04:27:50+00:00
mario-fart-smells,1,1.0,2025-08-10T04:19:19+00:00,2025-08-10T04:19:19+00:00
throwaway0987582,1,6.0,2025-08-10T03:04:04+00:00,2025-08-10T03:04:04+00:00
peachism,1,37.0,2025-08-10T03:02:15+00:00,2025-08-10T03:02:15+00:00
RogueKitteh,1,42.0,2025-08-10T02:55:25+00:00,2025-08-10T02:55:25+00:00
iamyiyaj,1,11.0,2025-08-10T02:44:10+00:00,2025-08-10T02:44:10+00:00
Delicious_Dress_9213,1,3.0,2025-08-10T02:24:59+00:00,2025-08-10T02:24:59+00:00
Sufficient_Secret_16,1,1.0,2025-08-10T01:18:11+00:00,2025-08-10T01:18:11+00:00
ExamOk9870,1,1.0,2025-08-10T01:02:03+00:00,2025-08-10T01:02:03+00:00
Fun-Excitement1433,1,856.0,2025-08-10T00:05:58+00:00,2025-08-10T00:05:58+00:00
SushiandSyrup,1,2.0,2025-08-10T00:05:52+00:00,2025-08-10T00:05:52+00:00
LaliPop007,1,3592.0,2025-08-09T23:36:06+00:00,2025-08-09T23:36:06+00:00
Ok_Negotiation8960,1,1.0,2025-08-09T23:25:57+00:00,2025-08-09T23:25:57+00:00
Rare-Dragonfly-6586,1,1.0,2025-08-09T23:21:42+00:00,2025-08-09T23:21:42+00:00
Puzzleheaded-Ad-1343,1,0.0,2025-08-09T22:40:00+00:00,2025-08-09T22:40:00+00:00
babyhelianthus,1,8.0,2025-08-09T22:32:29+00:00,2025-08-09T22:32:29+00:00
FunkyChickenBalBag,1,3.0,2025-08-09T22:31:34+00:00,2025-08-09T22:31:34+00:00
No_Paramedic4371,1,1.0,2025-08-09T22:17:21+00:00,2025-08-09T22:17:21+00:00
TrashThat9430,1,2.0,2025-08-09T22:14:20+00:00,2025-08-09T22:14:20+00:00
pixiethot,1,3.0,2025-08-09T21:20:46+00:00,2025-08-09T21:20:46+00:00
imagreatlistener,1,1.0,2025-08-09T21:01:52+00:00,2025-08-09T21:01:52+00:00
Jolly_Parsnip7311,1,1.0,2025-08-09T20:58:57+00:00,2025-08-09T20:58:57+00:00
Plastic-League7190,1,1.0,2025-08-09T20:47:45+00:00,2025-08-09T20:47:45+00:00
GoddessKillion,1,114.0,2025-08-09T20:35:55+00:00,2025-08-09T20:35:55+00:00
brokelyn99,1,20.0,2025-08-09T20:10:00+00:00,2025-08-09T20:10:00+00:00
Girlypop_xxx,1,2.0,2025-08-09T20:06:21+00:00,2025-08-09T20:06:21+00:00
Awkward_Amphibian_66,1,8.0,2025-08-09T19:32:43+00:00,2025-08-09T19:32:43+00:00
drearymoment,1,5887.0,2025-08-09T18:57:19+00:00,2025-08-09T18:57:19+00:00
incerta,1,18.0,2025-08-09T18:46:57+00:00,2025-08-09T18:46:57+00:00
hibzib357,1,2.0,2025-08-09T17:21:33+00:00,2025-08-09T17:21:33+00:00
quality_tears,1,7.0,2025-08-09T15:57:15+00:00,2025-08-09T15:57:15+00:00
NeverTooSpicy,1,3.0,2025-08-09T15:54:28+00:00,2025-08-09T15:54:28+00:00
R3D4C73D,1,2.0,2025-08-09T15:52:47+00:00,2025-08-09T15:52:47+00:00
negativespayce,1,0.0,2025-08-09T14:19:09+00:00,2025-08-09T14:19:09+00:00
ProfMags,1,70.0,2025-08-09T13:57:44+00:00,2025-08-09T13:57:44+00:00
GooseAcceptable8221,1,3.0,2025-08-09T12:12:29+00:00,2025-08-09T12:12:29+00:00
Minimum_Necessary350,1,2.0,2025-08-09T12:00:23+00:00,2025-08-09T12:00:23+00:00
Windswept_Raspberry,1,2.0,2025-08-09T11:47:51+00:00,2025-08-09T11:47:51+00:00
ProfessionTrue8117,1,148.0,2025-08-09T11:37:28+00:00,2025-08-09T11:37:28+00:00
Crafty_Bother87,1,10.0,2025-08-09T06:56:20+00:00,2025-08-09T06:56:20+00:00
Neither_Yogurt9603,1,3698.0,2025-08-09T06:45:54+00:00,2025-08-09T06:45:54+00:00
ayyoo-itsame-rondon,1,4.0,2025-08-09T06:10:13+00:00,2025-08-09T06:10:13+00:00
Antique_Hornet173,1,2.0,2025-08-09T05:46:18+00:00,2025-08-09T05:46:18+00:00
crispyrat69,1,2.0,2025-08-09T05:16:55+00:00,2025-08-09T05:16:55+00:00
librapenseur,1,1.0,2025-08-09T04:48:48+00:00,2025-08-09T04:48:48+00:00
Fiveby21,1,1.0,2025-08-09T04:42:17+00:00,2025-08-09T04:42:17+00:00
Every_Mastodon4808,1,2.0,2025-08-09T04:27:53+00:00,2025-08-09T04:27:53+00:00
Living-Technician192,1,0.0,2025-08-09T03:41:51+00:00,2025-08-09T03:41:51+00:00
HistoryLate2175,1,9.0,2025-08-09T03:19:29+00:00,2025-08-09T03:19:29+00:00
Cautious_Tree3720,1,10.0,2025-08-09T03:05:56+00:00,2025-08-09T03:05:56+00:00
kristyn91,1,33.0,2025-08-09T02:25:35+00:00,2025-08-09T02:25:35+00:00
zygotepariah,1,11.0,2025-08-09T01:28:43+00:00,2025-08-09T01:28:43+00:00
electric_taffy,1,7.0,2025-08-09T01:16:44+00:00,2025-08-09T01:16:44+00:00
Kitsybitsy69,1,2.0,2025-08-09T01:02:47+00:00,2025-08-09T01:02:47+00:00
Difficult_Debate102,1,3.0,2025-08-09T00:46:03+00:00,2025-08-09T00:46:03+00:00
Illidari_Kuvira,1,3.0,2025-08-09T00:40:31+00:00,2025-08-09T00:40:31+00:00
L0verofPink,1,12.0,2025-08-09T00:18:05+00:00,2025-08-09T00:18:05+00:00
Puzzleheaded_Main172,1,2.0,2025-08-09T00:11:46+00:00,2025-08-09T00:11:46+00:00
NewGrab8226,1,2.0,2025-08-08T23:49:22+00:00,2025-08-08T23:49:22+00:00
ashlin33,1,4.0,2025-08-08T22:45:15+00:00,2025-08-08T22:45:15+00:00
Electrical_Job_5163,1,44.0,2025-08-08T21:49:29+00:00,2025-08-08T21:49:29+00:00
Project-YoRHa,1,26.0,2025-08-08T21:46:10+00:00,2025-08-08T21:46:10+00:00
Empty_Tank_3923,1,2.0,2025-08-08T21:36:55+00:00,2025-08-08T21:36:55+00:00
No-Motor-5374,1,38.0,2025-08-08T21:11:40+00:00,2025-08-08T21:11:40+00:00
austinmartech,1,1.0,2025-08-08T20:29:33+00:00,2025-08-08T20:29:33+00:00
HalcyonHeartbeat,1,1.0,2025-08-08T20:23:14+00:00,2025-08-08T20:23:14+00:00
Bluedoge-,1,40.0,2025-08-08T20:11:17+00:00,2025-08-08T20:11:17+00:00
cherrycruise,1,2.0,2025-08-08T20:03:57+00:00,2025-08-08T20:03:57+00:00
wehzeh,1,22.0,2025-08-08T19:51:56+00:00,2025-08-08T19:51:56+00:00
Peachringsss,1,1.0,2025-08-08T19:51:47+00:00,2025-08-08T19:51:47+00:00
SurroundRoutine3107,1,2.0,2025-08-08T19:24:07+00:00,2025-08-08T19:24:07+00:00
RealLuxTempo,1,100.0,2025-08-08T18:52:59+00:00,2025-08-08T18:52:59+00:00
UpstairsResearcher40,1,801.0,2025-08-08T18:34:43+00:00,2025-08-08T18:34:43+00:00
Hot_Proposal9976,1,2.0,2025-08-08T18:32:40+00:00,2025-08-08T18:32:40+00:00
Slow_Armadillo_9129,1,20.0,2025-08-08T18:26:04+00:00,2025-08-08T18:26:04+00:00
Alwaysgroww,1,0.0,2025-08-08T18:15:12+00:00,2025-08-08T18:15:12+00:00
Ash_Pokemon_,1,0.0,2025-08-08T17:38:18+00:00,2025-08-08T17:38:18+00:00
AdAsleep7263,1,6.0,2025-08-08T17:14:58+00:00,2025-08-08T17:14:58+00:00
Creative_Elk_5112,1,1.0,2025-08-08T17:14:23+00:00,2025-08-08T17:14:23+00:00
teeth1najar,1,4.0,2025-08-08T16:45:11+00:00,2025-08-08T16:45:11+00:00
jcebabe,1,1.0,2025-08-08T16:29:34+00:00,2025-08-08T16:29:34+00:00
Business_Clerk_3522,1,2.0,2025-08-08T16:26:05+00:00,2025-08-08T16:26:05+00:00
ShadowHunter547,1,1.0,2025-08-08T16:14:22+00:00,2025-08-08T16:14:22+00:00
kittyvibesbaby,1,11.0,2025-08-08T16:03:41+00:00,2025-08-08T16:03:41+00:00
Interesting-Soup5920,1,0.0,2025-08-08T15:43:58+00:00,2025-08-08T15:43:58+00:00
pink-elephant617,1,1.0,2025-08-08T15:09:38+00:00,2025-08-08T15:09:38+00:00
Substantial_Big_5024,1,1.0,2025-08-08T14:12:06+00:00,2025-08-08T14:12:06+00:00
Acceptable_Gap_1932,1,5.0,2025-08-08T12:50:53+00:00,2025-08-08T12:50:53+00:00
houseplant_whisperer,1,1.0,2025-08-08T12:35:59+00:00,2025-08-08T12:35:59+00:00
Complete_Mine5530,1,11.0,2025-08-08T11:56:40+00:00,2025-08-08T11:56:40+00:00
Traditional_Unit6055,1,2.0,2025-08-08T09:50:07+00:00,2025-08-08T09:50:07+00:00
Oleander_oliver,1,76.0,2025-08-08T09:27:53+00:00,2025-08-08T09:27:53+00:00
Broad_Future5811,1,15.0,2025-08-08T08:36:43+00:00,2025-08-08T08:36:43+00:00
Effervescence_101,1,43.0,2025-08-08T08:33:31+00:00,2025-08-08T08:33:31+00:00
Full-Athlete7145,1,0.0,2025-08-08T05:12:04+00:00,2025-08-08T05:12:04+00:00
Puzzleheaded-Pen-955,1,0.0,2025-08-08T04:39:36+00:00,2025-08-08T04:39:36+00:00
karajoy665,1,8.0,2025-08-08T04:32:42+00:00,2025-08-08T04:32:42+00:00
SwtMiranda509,1,1.0,2025-08-08T03:58:32+00:00,2025-08-08T03:58:32+00:00
Deku_Hyruler,1,0.0,2025-08-08T03:23:06+00:00,2025-08-08T03:23:06+00:00
allie686,1,1.0,2025-08-08T02:54:03+00:00,2025-08-08T02:54:03+00:00
Jolly-Ideal-9280,1,8.0,2025-08-08T01:52:42+00:00,2025-08-08T01:52:42+00:00
Konouchii,1,1.0,2025-08-08T00:25:08+00:00,2025-08-08T00:25:08+00:00
TheZip_,1,1.0,2025-08-07T23:51:50+00:00,2025-08-07T23:51:50+00:00
Lovely-flowers,1,2.0,2025-08-07T23:48:01+00:00,2025-08-07T23:48:01+00:00
lucidlunarlatte,1,39.0,2025-08-07T23:43:06+00:00,2025-08-07T23:43:06+00:00
Practice100,1,5.0,2025-08-07T23:22:28+00:00,2025-08-07T23:22:28+00:00
alcalaviccigirl,1,0.0,2025-08-07T22:58:19+00:00,2025-08-07T22:58:19+00:00
falseopertator,1,3.0,2025-08-07T22:22:38+00:00,2025-08-07T22:22:38+00:00
Best_Recover,1,2.0,2025-08-07T22:19:47+00:00,2025-08-07T22:19:47+00:00
Awkward_Register_470,1,4.0,2025-08-07T22:10:51+00:00,2025-08-07T22:10:51+00:00
mayaisk0z,1,32.0,2025-08-07T20:49:04+00:00,2025-08-07T20:49:04+00:00
AsideEmbarrassed7363,1,3.0,2025-08-07T20:21:34+00:00,2025-08-07T20:21:34+00:00
genderlesswiles,1,15.0,2025-08-07T19:56:19+00:00,2025-08-07T19:56:19+00:00
Matt8992,1,2.0,2025-08-07T19:15:13+00:00,2025-08-07T19:15:13+00:00
PiesAndPot,1,10.0,2025-08-07T19:12:04+00:00,2025-08-07T19:12:04+00:00
OpeningTea894,1,0.0,2025-08-07T18:49:59+00:00,2025-08-07T18:49:59+00:00
Ok-Connection6656,1,7.0,2025-08-07T18:39:50+00:00,2025-08-07T18:39:50+00:00
Practical-Net-5935,1,2.0,2025-08-07T18:38:16+00:00,2025-08-07T18:38:16+00:00
lukasbauka,1,1.0,2025-08-07T18:37:05+00:00,2025-08-07T18:37:05+00:00
SpellRadiant1650,1,2.0,2025-08-07T18:12:41+00:00,2025-08-07T18:12:41+00:00
Independent_Lynx1389,1,1.0,2025-08-07T18:05:43+00:00,2025-08-07T18:05:43+00:00
AcanthaceaeQuiet3288,1,2.0,2025-08-07T17:35:27+00:00,2025-08-07T17:35:27+00:00
KookyCap3295,1,1.0,2025-08-07T17:08:27+00:00,2025-08-07T17:08:27+00:00
cheetahred34,1,0.0,2025-08-07T16:57:32+00:00,2025-08-07T16:57:32+00:00
lowkeypussy,1,71.0,2025-08-07T16:27:50+00:00,2025-08-07T16:27:50+00:00
CautiousBreakfast215,1,2.0,2025-08-07T16:17:48+00:00,2025-08-07T16:17:48+00:00
Goonbackup1,1,47.0,2025-08-07T15:54:48+00:00,2025-08-07T15:54:48+00:00
Kite_Tailz,1,7.0,2025-08-07T15:29:55+00:00,2025-08-07T15:29:55+00:00
boringsuburbanmom,1,2.0,2025-08-07T15:06:56+00:00,2025-08-07T15:06:56+00:00
Donkodoes,1,56.0,2025-08-07T14:29:06+00:00,2025-08-07T14:29:06+00:00
KayDinb,1,0.0,2025-08-07T14:24:19+00:00,2025-08-07T14:24:19+00:00
Snoo_39436,1,2.0,2025-08-07T13:13:21+00:00,2025-08-07T13:13:21+00:00
Apprehensive_Place51,1,2.0,2025-08-07T13:11:20+00:00,2025-08-07T13:11:20+00:00
Icy_Razzmatazz2079,1,75.0,2025-08-07T12:34:36+00:00,2025-08-07T12:34:36+00:00
Stargazerlily425,1,1.0,2025-08-07T11:58:44+00:00,2025-08-07T11:58:44+00:00
Brutal_Because,1,45.0,2025-08-07T11:33:12+00:00,2025-08-07T11:33:12+00:00
Valuable_Corner_3940,1,80.0,2025-08-07T09:42:21+00:00,2025-08-07T09:42:21+00:00
PopularPanda98,1,1.0,2025-08-07T06:06:18+00:00,2025-08-07T06:06:18+00:00
Ok-Contribution-8776,1,2.0,2025-08-07T05:38:08+00:00,2025-08-07T05:38:08+00:00
Artistic_Web_486,1,1.0,2025-08-07T05:35:29+00:00,2025-08-07T05:35:29+00:00
WDYTtho,1,5.0,2025-08-07T04:28:22+00:00,2025-08-07T04:28:22+00:00
Illustrious_Dingo361,1,0.0,2025-08-07T03:53:15+00:00,2025-08-07T03:53:15+00:00
Desperate_Stomach_68,1,5.0,2025-08-07T03:40:10+00:00,2025-08-07T03:40:10+00:00
AdvantageAcrobatic33,1,29.0,2025-08-07T03:38:40+00:00,2025-08-07T03:38:40+00:00
vegabondx,1,2.0,2025-08-07T02:51:42+00:00,2025-08-07T02:51:42+00:00
coffeeeyes_,1,4.0,2025-08-07T02:49:57+00:00,2025-08-07T02:49:57+00:00
GiraffesDrinking,1,2.0,2025-08-07T01:51:48+00:00,2025-08-07T01:51:48+00:00
Em_Designs,1,0.0,2025-08-07T01:45:34+00:00,2025-08-07T01:45:34+00:00
poopsinmybutts,1,29.0,2025-08-07T01:31:57+00:00,2025-08-07T01:31:57+00:00
International_Rip482,1,1.0,2025-08-07T01:26:36+00:00,2025-08-07T01:26:36+00:00
Ihavecommitedarson,1,3.0,2025-08-07T00:37:43+00:00,2025-08-07T00:37:43+00:00
yassification123,1,2.0,2025-08-07T00:29:28+00:00,2025-08-07T00:29:28+00:00
HotMess_DoIt,1,263.0,2025-08-06T23:47:53+00:00,2025-08-06T23:47:53+00:00
apeocalypyic,1,1.0,2025-08-06T23:38:13+00:00,2025-08-06T23:38:13+00:00
hairgoddess69,1,0.0,2025-08-06T23:36:26+00:00,2025-08-06T23:36:26+00:00
ginger_princess2009,1,2.0,2025-08-06T23:24:50+00:00,2025-08-06T23:24:50+00:00
kane_1371,1,1.0,2025-08-06T23:22:00+00:00,2025-08-06T23:22:00+00:00
Pale_Preference_695,1,1.0,2025-08-06T23:16:24+00:00,2025-08-06T23:16:24+00:00
Limitlessperfection,1,2.0,2025-08-06T23:09:27+00:00,2025-08-06T23:09:27+00:00
YoungMozartinaGoKart,1,0.0,2025-08-06T23:09:20+00:00,2025-08-06T23:09:20+00:00
ElyIsANerd,1,2.0,2025-08-06T22:37:37+00:00,2025-08-06T22:37:37+00:00
No-Basket-3817,1,1.0,2025-08-06T20:51:00+00:00,2025-08-06T20:51:00+00:00
1hundo_apricot,1,48.0,2025-08-06T20:38:09+00:00,2025-08-06T20:38:09+00:00
Diligent-Hurry-8162,1,1.0,2025-08-06T20:33:52+00:00,2025-08-06T20:33:52+00:00
Professional-Yak-34,1,1.0,2025-08-06T20:26:35+00:00,2025-08-06T20:26:35+00:00
marehausley,1,1.0,2025-08-06T20:17:25+00:00,2025-08-06T20:17:25+00:00
IntegralCurb,1,6.0,2025-08-06T19:49:57+00:00,2025-08-06T19:49:57+00:00
DramaticAd7670,1,1.0,2025-08-06T19:17:16+00:00,2025-08-06T19:17:16+00:00
Zealousideal-Buy-548,1,12.0,2025-08-06T18:54:06+00:00,2025-08-06T18:54:06+00:00
It_Knocks_Only_Once,1,2.0,2025-08-06T18:28:23+00:00,2025-08-06T18:28:23+00:00
Prettiest0ne,1,1.0,2025-08-06T17:32:21+00:00,2025-08-06T17:32:21+00:00
bowtiedgrappler,1,0.0,2025-08-06T16:41:30+00:00,2025-08-06T16:41:30+00:00
Brilliant-Swan4767,1,2.0,2025-08-06T16:30:02+00:00,2025-08-06T16:30:02+00:00
SennheiserPass,1,3.0,2025-08-06T15:13:55+00:00,2025-08-06T15:13:55+00:00
AjustedData374,1,1.0,2025-08-06T14:52:05+00:00,2025-08-06T14:52:05+00:00
kf2422,1,0.0,2025-08-06T14:42:04+00:00,2025-08-06T14:42:04+00:00
you-restalking,1,9.0,2025-08-06T13:42:21+00:00,2025-08-06T13:42:21+00:00
Expensive_Chapter_87,1,6.0,2025-08-06T13:10:38+00:00,2025-08-06T13:10:38+00:00
Negative-Main-1239,1,37.0,2025-08-06T12:32:03+00:00,2025-08-06T12:32:03+00:00
crybbyblue,1,0.0,2025-08-06T12:01:43+00:00,2025-08-06T12:01:43+00:00
Effective_Dig5943,1,1.0,2025-08-06T09:44:00+00:00,2025-08-06T09:44:00+00:00
Ok-Following-7109,1,1.0,2025-08-06T07:41:45+00:00,2025-08-06T07:41:45+00:00
SomeGuy0517,1,3.0,2025-08-06T06:15:14+00:00,2025-08-06T06:15:14+00:00
Tight_Economist_8626,1,6.0,2025-08-06T06:04:17+00:00,2025-08-06T06:04:17+00:00
Captain_Diabeeto,1,0.0,2025-08-06T05:28:25+00:00,2025-08-06T05:28:25+00:00
Limp-Cricket-3898,1,1.0,2025-08-06T05:13:01+00:00,2025-08-06T05:13:01+00:00
kites_and_kiwis,1,1.0,2025-08-06T04:03:44+00:00,2025-08-06T04:03:44+00:00
throwaway14141414123,1,1.0,2025-08-06T04:01:57+00:00,2025-08-06T04:01:57+00:00
Own-Acanthaceae564,1,0.0,2025-08-06T03:35:40+00:00,2025-08-06T03:35:40+00:00
Medium_Sandwich_45,1,1.0,2025-08-06T02:59:23+00:00,2025-08-06T02:59:23+00:00
Unlikely_Vacation235,1,94.0,2025-08-06T02:20:45+00:00,2025-08-06T02:20:45+00:00
EmbarrassedBuy9023,1,2.0,2025-08-06T02:19:11+00:00,2025-08-06T02:19:11+00:00
Miserable-Charity677,1,1.0,2025-08-06T01:53:45+00:00,2025-08-06T01:53:45+00:00
Fit-Site7059,1,2.0,2025-08-06T01:15:07+00:00,2025-08-06T01:15:07+00:00
Competitive-Yam9665,1,0.0,2025-08-06T01:11:26+00:00,2025-08-06T01:11:26+00:00
pinktiger222,1,1.0,2025-08-06T00:59:53+00:00,2025-08-06T00:59:53+00:00
CallMeDom02,1,0.0,2025-08-05T23:57:38+00:00,2025-08-05T23:57:38+00:00
baby_kaii,1,1.0,2025-08-05T23:45:10+00:00,2025-08-05T23:45:10+00:00
investigativephotoop,1,106.0,2025-08-05T23:14:40+00:00,2025-08-05T23:14:40+00:00
Signal_Guard5561,1,2.0,2025-08-05T22:34:08+00:00,2025-08-05T22:34:08+00:00
Original_Fan_2591,1,2.0,2025-08-05T22:24:58+00:00,2025-08-05T22:24:58+00:00
Vivid-Voidd,1,1.0,2025-08-05T22:23:10+00:00,2025-08-05T22:23:10+00:00
deedldee,1,1.0,2025-08-05T22:17:23+00:00,2025-08-05T22:17:23+00:00
law_of_Murphy-,1,1.0,2025-08-05T22:14:08+00:00,2025-08-05T22:14:08+00:00
mothgirl7,1,3.0,2025-08-05T20:53:25+00:00,2025-08-05T20:53:25+00:00
Usual-Hawk-5488,1,2.0,2025-08-05T20:33:37+00:00,2025-08-05T20:33:37+00:00
Innn0ut,1,3.0,2025-08-05T19:57:44+00:00,2025-08-05T19:57:44+00:00
pandaninjarawr,1,2.0,2025-08-05T19:55:30+00:00,2025-08-05T19:55:30+00:00
Shallahan,1,3.0,2025-08-05T19:10:45+00:00,2025-08-05T19:10:45+00:00
Fantastic_Sundae_413,1,1.0,2025-08-05T18:54:55+00:00,2025-08-05T18:54:55+00:00
zncjxisoxna,1,6.0,2025-08-05T18:43:56+00:00,2025-08-05T18:43:56+00:00
soccerjonj,1,608.0,2025-08-05T18:39:31+00:00,2025-08-05T18:39:31+00:00
Loklokloka,1,2.0,2025-08-05T18:35:34+00:00,2025-08-05T18:35:34+00:00
Temporary-Owl-5470,1,2.0,2025-08-05T17:48:00+00:00,2025-08-05T17:48:00+00:00
YaroaMixtaDePlatano,1,0.0,2025-08-05T16:36:41+00:00,2025-08-05T16:36:41+00:00
Low_Swordfish3761,1,10.0,2025-08-05T16:09:02+00:00,2025-08-05T16:09:02+00:00
thedashers,1,4.0,2025-08-05T15:57:25+00:00,2025-08-05T15:57:25+00:00
RequirementTimely203,1,5.0,2025-08-05T14:31:54+00:00,2025-08-05T14:31:54+00:00
Objective_Fan_2947,1,129.0,2025-08-05T11:53:49+00:00,2025-08-05T11:53:49+00:00
ilballodellavita_,1,3.0,2025-08-05T09:02:11+00:00,2025-08-05T09:02:11+00:00
Subject_Length1437,1,6.0,2025-08-05T07:00:18+00:00,2025-08-05T07:00:18+00:00
Suleyca-Lemoz,1,5.0,2025-08-05T06:33:04+00:00,2025-08-05T06:33:04+00:00
sunburntsalem,1,2.0,2025-08-05T04:27:20+00:00,2025-08-05T04:27:20+00:00
thatwrestlingfanatic,1,1.0,2025-08-05T02:15:08+00:00,2025-08-05T02:15:08+00:00
Johnbacon456,1,25.0,2025-08-05T02:03:38+00:00,2025-08-05T02:03:38+00:00
Otherwise-Tap7719,1,2.0,2025-08-05T01:11:51+00:00,2025-08-05T01:11:51+00:00
ChickenWingMan99,1,0.0,2025-08-05T00:43:38+00:00,2025-08-05T00:43:38+00:00
Diligent_Tie_4951,1,1.0,2025-08-05T00:32:58+00:00,2025-08-05T00:32:58+00:00
Throwaway_Bi_37M,1,0.0,2025-08-05T00:05:26+00:00,2025-08-05T00:05:26+00:00
Midnight_Thoughts77,1,6.0,2025-08-04T23:51:54+00:00,2025-08-04T23:51:54+00:00
ananonnylon,1,1.0,2025-08-04T23:40:15+00:00,2025-08-04T23:40:15+00:00
ghoulfaries,1,59.0,2025-08-04T22:54:18+00:00,2025-08-04T22:54:18+00:00
mesolimbic_overload,1,1.0,2025-08-04T22:46:26+00:00,2025-08-04T22:46:26+00:00
Plastic_Trouble_2988,1,1.0,2025-08-04T22:32:34+00:00,2025-08-04T22:32:34+00:00
NoeAir,1,5.0,2025-08-04T22:26:33+00:00,2025-08-04T22:26:33+00:00
mwhitaker19,1,1.0,2025-08-04T22:13:43+00:00,2025-08-04T22:13:43+00:00
Ok_Rhubarb_983,1,0.0,2025-08-04T21:53:00+00:00,2025-08-04T21:53:00+00:00
Star_Dust225,1,1.0,2025-08-04T21:50:34+00:00,2025-08-04T21:50:34+00:00
alee0224,1,166.0,2025-08-04T21:16:36+00:00,2025-08-04T21:16:36+00:00
Prudent-Elk-7494,1,3.0,2025-08-04T20:52:37+00:00,2025-08-04T20:52:37+00:00
spigeddy,1,2.0,2025-08-04T20:48:48+00:00,2025-08-04T20:48:48+00:00
bottle-box,1,2.0,2025-08-04T20:30:27+00:00,2025-08-04T20:30:27+00:00
hotgirlstuff_14L,1,1.0,2025-08-04T20:19:57+00:00,2025-08-04T20:19:57+00:00
MrMoobss,1,67.0,2025-08-04T19:43:24+00:00,2025-08-04T19:43:24+00:00
pricklyp8,1,1.0,2025-08-04T19:39:28+00:00,2025-08-04T19:39:28+00:00
__lovebackwards,1,44.0,2025-08-04T19:36:16+00:00,2025-08-04T19:36:16+00:00
mooredith,1,0.0,2025-08-04T19:10:58+00:00,2025-08-04T19:10:58+00:00
cloverscupid,1,1.0,2025-08-04T18:57:51+00:00,2025-08-04T18:57:51+00:00
Several-Butterfly507,1,1.0,2025-08-04T18:31:11+00:00,2025-08-04T18:31:11+00:00
OkConfusion3011,1,1.0,2025-08-04T18:26:12+00:00,2025-08-04T18:26:12+00:00
MaddenXboxFantasy,1,6.0,2025-08-04T17:47:14+00:00,2025-08-04T17:47:14+00:00
abscat456,1,17.0,2025-08-04T17:15:04+00:00,2025-08-04T17:15:04+00:00
Special_Falcon408,1,12.0,2025-08-04T17:13:49+00:00,2025-08-04T17:13:49+00:00
Doldrum0,1,9.0,2025-08-04T16:45:25+00:00,2025-08-04T16:45:25+00:00
mistyf0xx,1,110.0,2025-08-04T16:37:09+00:00,2025-08-04T16:37:09+00:00
Sneekysas_sas,1,585.0,2025-08-04T16:13:34+00:00,2025-08-04T16:13:34+00:00
No-Entertainment3435,1,10.0,2025-08-04T16:10:56+00:00,2025-08-04T16:10:56+00:00
lifes_a_vacation,1,10.0,2025-08-04T15:04:54+00:00,2025-08-04T15:04:54+00:00
SprawlingNomad,1,2.0,2025-08-04T14:52:32+00:00,2025-08-04T14:52:32+00:00
cajun_wolf,1,1.0,2025-08-04T00:28:15+00:00,2025-08-04T00:28:15+00:00
Slightlymercurial,1,10.0,2025-08-04T12:32:45+00:00,2025-08-04T12:32:45+00:00
Senior-Alarm5305,1,12.0,2025-08-04T12:12:11+00:00,2025-08-04T12:12:11+00:00
thewisebroccoli,1,2.0,2025-08-04T11:24:32+00:00,2025-08-04T11:24:32+00:00
Silent_Pay_9239,1,4.0,2025-08-04T09:59:37+00:00,2025-08-04T09:59:37+00:00
drkcola,1,19.0,2025-08-04T07:56:19+00:00,2025-08-04T07:56:19+00:00
Salt-Ad-3061,1,3.0,2025-08-04T07:25:30+00:00,2025-08-04T07:25:30+00:00
momsvaginaresearcher,1,18.0,2025-08-04T06:07:19+00:00,2025-08-04T06:07:19+00:00
ytjryhrbr,1,2.0,2025-08-04T06:06:05+00:00,2025-08-04T06:06:05+00:00
Iridescent-beauty,1,1.0,2025-08-04T06:00:06+00:00,2025-08-04T06:00:06+00:00
BraveMarionberry9984,1,3792.0,2025-08-04T05:49:17+00:00,2025-08-04T05:49:17+00:00
Important_Sundae1676,1,1.0,2025-08-04T05:47:19+00:00,2025-08-04T05:47:19+00:00
HalIsHere,1,2.0,2025-08-04T05:40:57+00:00,2025-08-04T05:40:57+00:00
Far_Consequence_8335,1,0.0,2025-08-04T05:31:57+00:00,2025-08-04T05:31:57+00:00
Icy_Confusion_8989,1,0.0,2025-08-04T05:14:14+00:00,2025-08-04T05:14:14+00:00
Top-Ingenuity-8855,1,1.0,2025-08-04T05:09:02+00:00,2025-08-04T05:09:02+00:00
GoldmansRacks,1,314.0,2025-08-04T05:05:52+00:00,2025-08-04T05:05:52+00:00
swagsocialmediauser,1,2.0,2025-08-04T04:43:27+00:00,2025-08-04T04:43:27+00:00
DxmnBlue,1,2.0,2025-08-04T04:17:44+00:00,2025-08-04T04:17:44+00:00
screamingtoilets,1,21.0,2025-08-04T04:08:27+00:00,2025-08-04T04:08:27+00:00
Legal-Wing-9770,1,2.0,2025-08-04T03:31:16+00:00,2025-08-04T03:31:16+00:00
WorriedLetterhead942,1,1.0,2025-08-04T03:30:55+00:00,2025-08-04T03:30:55+00:00
Fun-Parking-7167,1,2.0,2025-08-04T03:12:16+00:00,2025-08-04T03:12:16+00:00
Humble_State_6833,1,1.0,2025-08-04T02:52:41+00:00,2025-08-04T02:52:41+00:00
fliehilikeakite,1,17.0,2025-08-04T02:40:14+00:00,2025-08-04T02:40:14+00:00
HanBan1339,1,3.0,2025-08-04T02:29:47+00:00,2025-08-04T02:29:47+00:00
emergencyshark,1,3.0,2025-08-04T02:28:07+00:00,2025-08-04T02:28:07+00:00
ElectronicWallaby435,1,11.0,2025-08-04T02:13:49+00:00,2025-08-04T02:13:49+00:00
BootyBirkin,1,0.0,2025-08-04T02:12:47+00:00,2025-08-04T02:12:47+00:00
CryingOverVideoGames,1,1.0,2025-08-04T02:07:45+00:00,2025-08-04T02:07:45+00:00
mawlycule,1,1.0,2025-08-04T01:34:28+00:00,2025-08-04T01:34:28+00:00
Fantastic_Edge_1636,1,1.0,2025-08-04T01:19:20+00:00,2025-08-04T01:19:20+00:00
Tennisfan1976,1,3.0,2025-08-04T01:14:39+00:00,2025-08-04T01:14:39+00:00
NinjaDesigner1881,1,1.0,2025-08-04T01:05:59+00:00,2025-08-04T01:05:59+00:00
Joba-,1,13.0,2025-08-04T00:54:11+00:00,2025-08-04T00:54:11+00:00
kykypaw18,1,1.0,2025-08-04T00:46:31+00:00,2025-08-04T00:46:31+00:00
hopelessramentic21,1,1.0,2025-08-04T00:46:20+00:00,2025-08-04T00:46:20+00:00
IronCircuit,1,1.0,2025-08-04T00:17:50+00:00,2025-08-04T00:17:50+00:00
rudytheging,1,2.0,2025-08-04T00:16:30+00:00,2025-08-04T00:16:30+00:00
eleanor_savage,1,2.0,2025-08-04T00:14:44+00:00,2025-08-04T00:14:44+00:00
Silver-Market-2318,1,1.0,2025-08-04T00:05:25+00:00,2025-08-04T00:05:25+00:00
AdvantagePitiful5173,1,9.0,2025-08-03T23:41:22+00:00,2025-08-03T23:41:22+00:00
Guinessmatt,1,3.0,2025-08-03T23:14:46+00:00,2025-08-03T23:14:46+00:00
Adventurous-Studio-9,1,3.0,2025-08-03T22:52:35+00:00,2025-08-03T22:52:35+00:00
nintendoswitch_blade,1,22.0,2025-08-03T22:52:33+00:00,2025-08-03T22:52:33+00:00
Otherwise-Flan-2755,1,1.0,2025-08-03T22:47:32+00:00,2025-08-03T22:47:32+00:00
nocreamedcorn,1,1.0,2025-08-03T22:39:20+00:00,2025-08-03T22:39:20+00:00
SnoopyDohnut,1,1.0,2025-08-03T22:35:32+00:00,2025-08-03T22:35:32+00:00
babybeewitched,1,2.0,2025-08-03T22:05:47+00:00,2025-08-03T22:05:47+00:00
Aggravetedmollasses,1,344.0,2025-08-03T21:48:29+00:00,2025-08-03T21:48:29+00:00
Stock_Opportunity811,1,0.0,2025-08-03T21:25:43+00:00,2025-08-03T21:25:43+00:00
bunnymochis,1,1.0,2025-08-03T21:24:03+00:00,2025-08-03T21:24:03+00:00
kitty_cat_11_22,1,37.0,2025-08-03T20:34:59+00:00,2025-08-03T20:34:59+00:00
Ok-Butterscotch12,1,1.0,2025-08-03T20:32:09+00:00,2025-08-03T20:32:09+00:00
Fun-Midnight1010,1,0.0,2025-08-03T20:15:08+00:00,2025-08-03T20:15:08+00:00
Odd-Republic-4218,1,1.0,2025-08-03T19:20:13+00:00,2025-08-03T19:20:13+00:00
Grouchy_Marsupial357,1,1.0,2025-08-03T19:09:13+00:00,2025-08-03T19:09:13+00:00
Banana_Split85,1,6.0,2025-08-03T19:04:26+00:00,2025-08-03T19:04:26+00:00
mildchickenwings,1,15.0,2025-08-03T18:59:50+00:00,2025-08-03T18:59:50+00:00
ThrowRAbh90,1,1.0,2025-08-03T17:32:21+00:00,2025-08-03T17:32:21+00:00
BunnyScary3503,1,33.0,2025-08-03T16:54:19+00:00,2025-08-03T16:54:19+00:00
lilexist,1,1.0,2025-08-03T16:46:23+00:00,2025-08-03T16:46:23+00:00
toysofvanity,1,2.0,2025-08-03T16:33:59+00:00,2025-08-03T16:33:59+00:00
honeydeww1,1,1.0,2025-08-03T15:33:32+00:00,2025-08-03T15:33:32+00:00
Smoke-Flaky,1,3.0,2025-08-03T14:45:41+00:00,2025-08-03T14:45:41+00:00
Dude_Dillligence,1,2.0,2025-08-03T14:26:31+00:00,2025-08-03T14:26:31+00:00
Distinct_Morning_607,1,36963.0,2025-08-03T12:43:35+00:00,2025-08-03T12:43:35+00:00
Mental_Airport4756,1,0.0,2025-08-03T12:14:23+00:00,2025-08-03T12:14:23+00:00
mbmain,1,275.0,2025-08-03T10:17:57+00:00,2025-08-03T10:17:57+00:00
Realistic_Channel361,1,1.0,2025-08-03T07:13:49+00:00,2025-08-03T07:13:49+00:00
AdAmazing2402,1,10.0,2025-08-03T06:28:41+00:00,2025-08-03T06:28:41+00:00
drallace,1,56.0,2025-08-03T04:41:11+00:00,2025-08-03T04:41:11+00:00
Hers0nly,1,5.0,2025-08-03T03:27:05+00:00,2025-08-03T03:27:05+00:00
Dry-Commission1747,1,7.0,2025-08-03T02:47:07+00:00,2025-08-03T02:47:07+00:00
CinchCitySixFigure,1,3.0,2025-08-03T02:43:16+00:00,2025-08-03T02:43:16+00:00
Excellent_Notice4047,1,1.0,2025-08-03T02:38:45+00:00,2025-08-03T02:38:45+00:00
Dismal_dumb_4407,1,541.0,2025-08-03T01:36:45+00:00,2025-08-03T01:36:45+00:00
Soggy-Dentist-1754,1,355.0,2025-08-03T00:49:16+00:00,2025-08-03T00:49:16+00:00
knoxnash,1,0.0,2025-08-03T00:13:41+00:00,2025-08-03T00:13:41+00:00
00spool,1,16.0,2025-08-02T22:33:27+00:00,2025-08-02T22:33:27+00:00
ThinkingBook2,1,8.0,2025-08-02T22:28:47+00:00,2025-08-02T22:28:47+00:00
redouan_h,1,0.0,2025-08-02T22:06:23+00:00,2025-08-02T22:06:23+00:00
Chance-War1519,1,1064.0,2025-08-02T22:04:17+00:00,2025-08-02T22:04:17+00:00
Spirited-Pudding7673,1,6.0,2025-08-02T21:42:28+00:00,2025-08-02T21:42:28+00:00
Final_Campaign_2593,1,1.0,2025-08-02T21:20:20+00:00,2025-08-02T21:20:20+00:00
mnicklas666,1,9.0,2025-08-02T21:14:53+00:00,2025-08-02T21:14:53+00:00
AppropriateEgg2550,1,2.0,2025-08-02T20:28:44+00:00,2025-08-02T20:28:44+00:00
KindLog7348,1,32.0,2025-08-02T20:27:15+00:00,2025-08-02T20:27:15+00:00
PurchaseDry9350,1,1.0,2025-08-02T20:06:03+00:00,2025-08-02T20:06:03+00:00
Funny-Marketing-735,1,2.0,2025-08-02T19:42:17+00:00,2025-08-02T19:42:17+00:00
TKO_Pz,1,2.0,2025-08-02T19:19:20+00:00,2025-08-02T19:19:20+00:00
juniperlatte,1,2.0,2025-08-02T19:10:59+00:00,2025-08-02T19:10:59+00:00
reading_my_stories,1,1.0,2025-08-02T18:46:15+00:00,2025-08-02T18:46:15+00:00
maumaesori,1,12.0,2025-08-02T18:33:10+00:00,2025-08-02T18:33:10+00:00
Apprehensive-Cod-185,1,1.0,2025-08-02T18:22:38+00:00,2025-08-02T18:22:38+00:00
kzugutierrez,1,10.0,2025-08-02T18:20:18+00:00,2025-08-02T18:20:18+00:00
graceingold,1,3.0,2025-08-02T18:17:28+00:00,2025-08-02T18:17:28+00:00
Swayrundown,1,0.0,2025-08-02T17:58:56+00:00,2025-08-02T17:58:56+00:00
Important-Sail751,1,6.0,2025-08-02T17:20:46+00:00,2025-08-02T17:20:46+00:00
Lazy_Purchase8873,1,2.0,2025-08-02T17:19:41+00:00,2025-08-02T17:19:41+00:00
Round_Yam_8129,1,4.0,2025-08-02T17:06:15+00:00,2025-08-02T17:06:15+00:00
martinixunt,1,227.0,2025-08-02T17:05:59+00:00,2025-08-02T17:05:59+00:00
Excellent-Ad2749,1,45.0,2025-08-02T15:24:16+00:00,2025-08-02T15:24:16+00:00
Xxbig_bbyXx,1,4.0,2025-08-02T15:19:22+00:00,2025-08-02T15:19:22+00:00
No-Pumpkin-2447,1,4.0,2025-08-02T14:39:12+00:00,2025-08-02T14:39:12+00:00
Vast-Bluebird-7087,1,115.0,2025-08-02T14:23:23+00:00,2025-08-02T14:23:23+00:00
Clark_245,1,7.0,2025-08-02T14:07:09+00:00,2025-08-02T14:07:09+00:00
AdPitiful1938,1,116.0,2025-08-02T12:43:02+00:00,2025-08-02T12:43:02+00:00
Level-Entrepreneur66,1,2.0,2025-08-02T11:43:33+00:00,2025-08-02T11:43:33+00:00
akmusician00,1,3.0,2025-08-02T09:27:11+00:00,2025-08-02T09:27:11+00:00
FractalsandThings,1,1.0,2025-08-02T08:19:15+00:00,2025-08-02T08:19:15+00:00
Ok-Opportunity2539,1,2.0,2025-08-02T06:36:24+00:00,2025-08-02T06:36:24+00:00
Expert_Agent8500,1,2.0,2025-08-02T06:24:44+00:00,2025-08-02T06:24:44+00:00
superpowers335,1,1.0,2025-08-02T04:46:11+00:00,2025-08-02T04:46:11+00:00
